month,Actual,Forecast,Low,High
2017-01-01,127545.67,,,
2017-02-01,271298.65,,,
2017-03-01,414369.39,,,
2017-04-01,390952.18,,,
2017-05-01,567066.73,,,
2017-06-01,490225.6,,,
2017-07-01,566403.93,,,
2017-08-01,646000.61,,,
2017-09-01,701169.99,,,
2017-10-01,751140.27,,,
2017-11-01,1153528.05,,,
2017-12-01,843199.17,,,
2018-01-01,1078606.86,,,
2018-02-01,966510.88,,,
2018-03-01,1120678.0,,,
2018-04-01,1132933.95,,,
2018-05-01,1128836.69,,,
2018-06-01,1012090.68,,,
2018-07-01,1027903.86,,,
2018-08-01,985414.28,985414.28,,
2018-09-01,,1008469.6066666668,887453.2538666668,1129485.959466667
2018-10-01,,1008469.6066666668,887453.2538666668,1129485.959466667
2018-11-01,,1008469.6066666668,887453.2538666668,1129485.959466667
